"cell_type","dataset","mean_proportion","age_pval","parity_pval","region_pval","age_parity_pval","age_region_pval","parity_region_pval","three_way_pval","n_samples"
"358_CA3-do","mouse_smartseq_2019",0.636626115532009,0.406781158980675,0.00861923984531888,3.87145366190218e-17,0.187926638548142,0.598326693246096,0.724126962921549,0.452241021566373,60
"356_CA3-do","mouse10x_2020",0.0676189296390014,0.316923816886918,0.0101694945533665,2.97672503177953e-18,0.904488028222301,0.617847816367236,0.296259574540982,0.722919216487397,60
"376_Astro","mouse10x_2020",0.287290370773715,0.00571686117801186,0.0215943481269758,1.48874054543238e-12,0.707130238209788,0.423341096576381,0.714571952949691,0.846727819178248,60
"78_Sst HPF","mouse10x_2020",0.0164401951244265,1.74927226275147e-11,0.028671132145071,1.28843825856687e-08,0.959669064372171,0.00308421208268922,0.473144373566832,0.874272663966352,60
